Andrew,Aziz,01472583687,Andrew@gmail.com,Accountant,Cairo,1
Ayman,Hassan,01258493578,Ayman@gmail.com,Dentist,Alexandria,2
Bishoy,Matta,01058743658,Bishoy@gmail.com,Designer,Cairo,3
Fady,Nader,01536874592,Fady@gmail.com,Engineer,Aswan,4
Marco,Maged,01534782568,Marco@gmail.com,Writer,Giza,5
Sara,Osama,01249564785,Sara@gmail.com,Nurse,Asyut,6
Youssef,Medhat,0124832584,Youssef_7@gmail.com,lawyer,Faiyum,7
Youssef,Mohamed,01165347892,Youssef@gmail.com,Electrician,Dakahlia,8
